{
  "articles": [
    {
      "id": 0,
      "title": " 從命令提示字元中開啟 Visual Studio Code 如何避免顯示惱人的偵錯訊息"
    },
    {
      "id": 1,
      "title": "ASP.NET MVC 開發心得分享 (28)：深入瞭解 ModelState 內部細節"
    },
    {
      "id": 2,
      "title": "ASP.NET MVC 5.2.3 的 View 使用 Roslyn (C# 6.0) 編譯時的問題"
    },
    {
      "id": 3,
      "title": "介紹好用工具：Win 10 內建的 PackageManagement 套件管理器 (OneGet)"
    },
    {
      "id": 4,
      "href": "http://blog.miniasp.com/post/2016/02/02/JavaScript-novice-advice-and-learning-resources.aspx",
      "title": "我要成為前端工程師！給 JavaScript 新手的建議與學習資源整理"
    },
    {
      "id": 5,
      "title": "hello456"
    },
    {
      "id": 6,
      "title": "123"
    }
  ]
}